{
  "project_info": {
    "project_number": "596355447544",
    "project_id": "planda-app-43789",
    "storage_bucket": "planda-app-43789.appspot.com"
  },
  "client": [
    {
      "client_info": {
        "mobilesdk_app_id": "1:596355447544:android:fa00eb5513d4e30ef4990d",
        "android_client_info": {
          "package_name": "com.randompandaa.plandaapp"
        }
      },
      "oauth_client": [
        {
          "client_id": "596355447544-s80anadam7uoq5usbbf8lg0rq35eebig.apps.googleusercontent.com",
          "client_type": 3
        }
      ],
      "api_key": [
        {
          "current_key": "AIzaSyClS_ue6NbU6t_59KoR3U8L5T4CKh7K9EY"
        }
      ],
      "services": {
        "appinvite_service": {
          "other_platform_oauth_client": [
            {
              "client_id": "596355447544-s80anadam7uoq5usbbf8lg0rq35eebig.apps.googleusercontent.com",
              "client_type": 3
            }
          ]
        }
      }
    }
  ],
  "configuration_version": "1"
}